,num_samples,bws,trial,distance
0,80,12.0,1,77.79144287109375
1,80,12.0,2,79.94182586669922
2,80,12.0,3,80.20333862304688
